,instrument_1,instrument_2,distance_corr
405,8,42,0.11380879646731132
1138,33,50,0.10934030199481008
226,4,37,0.1030599295424682
684,16,21,0.10255335635433016
671,15,42,0.10091478924404951
857,21,39,0.10070487973579732
890,22,44,0.09936549071758032
790,19,31,0.09922383745712464
1229,40,50,0.09895995572245324
173,3,30,0.0986750459321275
1044,29,30,0.09801572436366447
351,7,30,0.0963061713494488
242,5,8,0.09596910745175079
803,19,44,0.0956292615118224
946,24,47,0.0951929380750776
642,14,48,0.09503137525479032
56,1,8,0.09445956169174437
1049,29,35,0.09433635589370984
761,18,33,0.09380654785825736
152,3,9,0.09203046203955109
151,3,8,0.09174378083711361
800,19,41,0.0915386285523713
595,13,37,0.09059159711148328
797,19,38,0.08987535981744078
172,3,29,0.08983263826615784
185,3,42,0.0889314421595804
910,23,37,0.08883949700948722
213,4,24,0.08878968754466618
290,6,12,0.0880110235822483
286,6,8,0.08728853939738894
312,6,34,0.08709580799246425
407,8,44,0.0866229362692192
391,8,28,0.08643586640252268
144,2,48,0.08636636769702717
700,16,37,0.0863499735453559
148,3,5,0.08612304793825704
972,25,48,0.08596567129571947
1097,31,44,0.08586745071073013
154,3,11,0.0853482737786728
189,3,46,0.08531184127482093
899,23,26,0.08531048360237192
653,15,24,0.08519985828145694
23,0,24,0.08432641588381144
29,0,30,0.08364797700422645
253,5,19,0.08362581548997557
786,19,27,0.08344458071811506
174,3,31,0.08328571448100407
34,0,35,0.08308325494453624
283,5,49,0.08300677811867375
554,12,33,0.082826294248295
1118,32,47,0.08228347232226231
760,18,32,0.08203186173695849
680,16,17,0.08192500239832068
167,3,24,0.08178486048343381
255,5,21,0.0817372772079416
1035,28,42,0.08172914906891846
36,0,37,0.0811403304141592
78,1,30,0.08069448978864795
636,14,42,0.08004356462797123
649,15,20,0.07993689957401319
210,4,21,0.07990593013626136
906,23,33,0.07970249189030251
1092,31,39,0.07967397719403954
1028,28,35,0.07962070527761012
79,1,31,0.07935188040252875
367,7,46,0.07927836345324656
1242,42,46,0.07924702121551934
656,15,27,0.07897607343670979
38,0,39,0.07885885084754113
1193,37,47,0.07864024445136494
1045,29,31,0.07858833991291049
121,2,25,0.07851550401154
903,23,30,0.07826106056291607
772,18,44,0.0781970595377968
166,3,23,0.07770893995070122
110,2,14,0.0774569187061009
288,6,10,0.07741687367119711
329,7,8,0.07740364485408972
966,25,42,0.07733097876052804
374,8,11,0.07724107837110575
209,4,20,0.07698047653074895
1259,44,50,0.07683905300997498
664,15,35,0.07660198397035778
1236,41,48,0.0765245053002855
66,1,18,0.07647039905567662
726,17,30,0.07634084790514982
1006,27,35,0.0759720471547555
315,6,37,0.07596724851197732
753,18,25,0.07593989181231148
740,17,44,0.07582758851439
831,20,42,0.07574690309186881
934,24,35,0.07570082381803005
363,7,42,0.07543566272304564
344,7,23,0.07534924635449096
1037,28,44,0.0752021308763696
693,16,30,0.07518252715944858
365,7,44,0.0750315036263355
298,6,20,0.07492731541027439
476,10,32,0.07476228090164445
224,4,35,0.07475798422820333
217,4,28,0.07473681097492894
607,13,49,0.07450144091849947
143,2,47,0.07437061279105481
7,0,8,0.07430295099404195
479,10,35,0.07379440388921847
943,24,44,0.07362755044767197
278,5,44,0.0735748682637602
650,15,21,0.07355640525848965
1007,27,36,0.07354912892240337
495,11,12,0.07339904117676667
246,5,12,0.07337088030434433
178,3,35,0.07333145502399004
398,8,35,0.0732249570038911
936,24,37,0.07310141816037151
646,15,17,0.07309566033853425
59,1,11,0.07290761528456736
1001,27,30,0.07288714877820685
711,16,48,0.07271935558756187
1239,42,43,0.07245360893394505
647,15,18,0.07242294817616182
927,24,28,0.07235847032603425
1150,34,46,0.07234029060095296
1240,42,44,0.07228340367789143
824,20,35,0.07212759265230329
377,8,14,0.07209661576670999
471,10,27,0.07207170601046592
620,14,26,0.07184582563587057
914,23,41,0.07181976823922916
582,13,24,0.07181112255620914
463,10,19,0.07176705221022442
130,2,34,0.07173416996983163
1071,30,37,0.07170041084104288
1066,30,32,0.07166605803155719
556,12,35,0.07162868941137225
1013,27,42,0.07138392444661519
812,20,23,0.07120249693077592
659,15,30,0.07113063083533096
103,2,7,0.07096834908479534
27,0,28,0.07089678163999955
1222,40,43,0.07082085478966983
493,10,49,0.07078516910649087
626,14,32,0.07075770658322007
1054,29,40,0.07074762344078683
108,2,12,0.07056729442237554
252,5,18,0.07048920743297005
967,25,43,0.07044262360310939
604,13,46,0.07043878805904627
499,11,16,0.07040432726252946
364,7,43,0.07039045968849372
1186,37,40,0.07022811789761951
645,15,16,0.07018273421380332
751,18,23,0.07005421021101149
225,4,36,0.07000295357372488
635,14,41,0.0699100169070233
756,18,28,0.06988431311212892
164,3,21,0.06988415149848178
484,10,40,0.06988295308505431
125,2,29,0.06984989033287883
80,1,32,0.06977064516556035
1181,36,48,0.06974162617009774
262,5,28,0.06973694622067605
1047,29,33,0.06966733247561076
1187,37,41,0.0694034020633121
276,5,42,0.06939157978694949
302,6,24,0.06938144041554276
964,25,40,0.06938006247462053
687,16,24,0.06929640227177551
1148,34,44,0.069181172757416
616,14,22,0.06910830576708563
1235,41,47,0.06906649707683389
19,0,20,0.06904032366023609
547,12,26,0.06888558548676893
382,8,19,0.06883292691062401
4,0,5,0.06879914697508135
17,0,18,0.06874944132166917
1226,40,47,0.06872004858361219
665,15,36,0.06871291305452266
855,21,37,0.06867563927637793
776,18,48,0.06866441855003726
922,23,49,0.06864294994059027
1093,31,40,0.0686344690300509
291,6,13,0.0686248590061132
402,8,39,0.06853133585804456
826,20,37,0.06829833991702164
1051,29,37,0.06818413675086803
91,1,43,0.06817147902545158
184,3,41,0.06800388406020573
358,7,37,0.06793039609191448
539,12,18,0.06790425542942875
299,6,21,0.06790288243236299
92,1,44,0.0678695843277473
643,14,49,0.06784501575163304
181,3,38,0.06783480461973446
695,16,32,0.06783060647398469
676,15,47,0.06778078527549684
893,22,47,0.06776290541983014
159,3,16,0.06776265370079225
43,0,44,0.06754295853894332
625,14,31,0.06751912676403966
419,9,15,0.06749711547824562
579,13,21,0.06746118253300246
404,8,41,0.06742847238982602
545,12,24,0.06741745687875675
771,18,43,0.06740409411260566
811,20,22,0.06738026016439606
287,6,9,0.0673480857205479
520,11,37,0.06734027853348382
858,21,40,0.06719784029536047
791,19,32,0.06710753415011944
769,18,41,0.06708358355732996
1203,38,45,0.06693388950612879
336,7,15,0.06685919310126019
47,0,48,0.06684226587179677
211,4,22,0.0666836139311733
388,8,25,0.0666830632771644
157,3,14,0.06655594727946026
1155,35,36,0.0665445135317353
565,12,44,0.06651969702645195
1086,31,33,0.06647528628847509
945,24,46,0.06645834660380776
308,6,30,0.06633340818905326
567,12,46,0.06627494122446281
613,14,19,0.06622382313936226
1078,30,44,0.06620334039824845
40,0,41,0.06619619755251263
1238,41,50,0.06604013727013015
783,19,24,0.06592125309641284
590,13,32,0.0659133058401194
572,13,14,0.06590609168490097
1174,36,41,0.06581981035648482
1244,42,48,0.06574602496860674
839,20,50,0.06574507710146663
609,14,15,0.06573079071218854
354,7,33,0.06564112615550276
357,7,36,0.06558260032474278
1036,28,43,0.06555157726874432
1192,37,46,0.06544235678241861
655,15,26,0.06541388335647547
868,21,50,0.06541325683408729
1198,38,40,0.06540395019634646
383,8,20,0.06538574223204292
1253,43,50,0.06538509983176374
439,9,35,0.06531310885693724
101,2,5,0.06527011009982568
1020,27,49,0.06523226937258525
359,7,38,0.06522758188877072
533,11,50,0.06522544811512931
223,4,34,0.0652060122849042
956,25,32,0.06520525895143779
551,12,30,0.06520340089598031
1214,39,45,0.06518159003780487
784,19,25,0.06512795563563958
1182,36,49,0.06510012237835872
135,2,39,0.06509625649749691
266,5,32,0.06508381989695428
1250,43,47,0.06499269467989476
947,24,48,0.06497982404750993
313,6,35,0.0649518077956667
76,1,28,0.06492791186559192
950,25,26,0.06486880802761193
1154,34,50,0.06483291468328843
606,13,48,0.0648184888325565
1123,33,35,0.06480159976450832
902,23,29,0.06474995976219422
462,10,18,0.064736397530498
912,23,39,0.06471727144324814
399,8,36,0.06462347489437416
1215,39,46,0.064565955126639
18,0,19,0.06456505033582477
577,13,19,0.06451964762244322
1232,41,44,0.06443080710497004
1015,27,44,0.06442535038382122
83,1,35,0.06430831491442918
293,6,15,0.06430291223167499
585,13,27,0.06430184164960315
897,23,24,0.06428756528643999
356,7,35,0.06426966311845599
978,26,30,0.0642017934942408
587,13,29,0.06416243642325617
284,5,50,0.06410602388331672
490,10,46,0.06406290772737222
280,5,46,0.06403182502411894
1265,46,47,0.06400991172663927
75,1,27,0.06390852989142429
477,10,33,0.06386310254413483
608,13,50,0.06384350821387852
328,6,50,0.06379582261944157
707,16,44,0.0637805242890435
755,18,27,0.06377870129166574
596,13,38,0.06373866716974648
574,13,16,0.0637306529559779
1185,37,39,0.06369685641719255
230,4,41,0.06360571367163237
901,23,28,0.06358472842633292
1202,38,44,0.06356948086219037
644,14,50,0.06353254065428977
536,12,15,0.0635223639538853
11,0,12,0.06351822118887011
60,1,12,0.06348100940744533
186,3,43,0.06341210019413178
1137,33,49,0.0633835746693254
220,4,31,0.06327879701763166
106,2,10,0.06325301394822959
820,20,31,0.06318778037201296
990,26,42,0.06303872307113574
838,20,49,0.06298976083232417
1146,34,42,0.06294922453156176
376,8,13,0.0628630791653153
662,15,33,0.06285601976781914
99,2,3,0.06280126042560721
204,4,15,0.0626557947116873
231,4,42,0.06264793263945899
127,2,31,0.06262980818835023
510,11,27,0.06261947718417964
1108,32,37,0.06261395393261517
1105,32,34,0.06247439452538376
263,5,29,0.0624594801367478
971,25,47,0.06241738634596414
384,8,21,0.062398961857638845
675,15,46,0.062398729642390946
482,10,38,0.06238363196712696
1143,34,39,0.062355491851395474
757,18,29,0.062316144391428935
920,23,47,0.062258879651477056
72,1,24,0.062208355902083845
109,2,13,0.06218864250674347
96,1,48,0.06216734887517699
834,20,45,0.06216468494813302
324,6,46,0.06215924264168133
1252,43,49,0.061992795386212426
1126,33,38,0.06193365969394611
1166,35,47,0.06187796604165851
258,5,24,0.06187357448785384
515,11,32,0.0618692987309063
1130,33,42,0.061834188015076993
46,0,47,0.06182585033372443
746,17,50,0.06180253163705605
651,15,22,0.06175348549364036
466,10,22,0.06171699008322246
589,13,31,0.061703093530490576
1085,31,32,0.06170252447262869
727,17,31,0.06169495688571971
921,23,48,0.061638168288305255
938,24,39,0.06161509377185235
1261,45,47,0.06147822345483224
997,26,49,0.061450800805404014
113,2,17,0.061448756715689425
1119,32,48,0.061437536333508215
50,1,2,0.061408548739012345
861,21,43,0.0614055061311615
544,12,23,0.061375303090256586
809,19,50,0.0613739658474446
699,16,36,0.06137239478583072
830,20,41,0.061294523860216305
124,2,28,0.061261723998297275
615,14,21,0.06124465629123358
1264,45,50,0.061236353224586974
380,8,17,0.06122811292654709
123,2,27,0.061170059250780756
107,2,11,0.06113371842025421
111,2,15,0.06110035155314074
949,24,50,0.061098617691030706
1172,36,39,0.06109855804460504
748,18,20,0.061084405258452275
904,23,31,0.06103252650341308
49,0,50,0.06102315956265745
1153,34,49,0.060985303059567966
1171,36,38,0.06083849403395823
30,0,31,0.060827855118875264
813,20,24,0.060822315961142244
445,9,41,0.06081362709240613
814,20,25,0.06075190406091638
1213,39,44,0.06070365773846164
1262,45,48,0.06067350152485047
961,25,37,0.06067240996264183
491,10,47,0.0606715092204465
1059,29,45,0.06067005481055198
446,9,42,0.06064186060109771
578,13,20,0.060609456161914946
342,7,21,0.06056072632779337
82,1,34,0.06054092716388884
274,5,40,0.06046534053038475
1074,30,40,0.06043153228894609
622,14,28,0.06039608689898725
459,10,15,0.06038061179349015
933,24,34,0.060371795564301944
1091,31,38,0.060336495079744944
891,22,45,0.0602770808452099
525,11,42,0.06022021676970355
345,7,24,0.060189583198512975
1159,35,40,0.06017255858344302
160,3,17,0.06015762641597846
689,16,26,0.060117017692159345
483,10,39,0.06007975794496262
361,7,40,0.060055154821695836
1209,39,40,0.06004887621514058
908,23,35,0.06001929761567469
509,11,26,0.05998386591790144
196,4,7,0.05993114045104637
1195,37,49,0.059768144441784465
569,12,48,0.05976430209558684
237,4,48,0.05973089344579094
781,19,22,0.05971955905645288
1272,48,49,0.05971015420018707
821,20,32,0.05970551129411986
272,5,38,0.05968353506441213
958,25,34,0.05968029832939685
117,2,21,0.05967706094491869
584,13,26,0.05965150962966502
282,5,48,0.05962291981517759
741,17,45,0.05959698341038829
1204,38,46,0.059595336934185096
239,4,50,0.05958043840681686
33,0,34,0.059557421547446796
1271,47,50,0.05954309510484993
787,19,28,0.059532905154944055
175,3,32,0.05952371514471255
807,19,48,0.059522076641010176
598,13,40,0.059513561913552976
917,23,44,0.05949359866321667
876,22,30,0.059487500150254745
870,22,24,0.059459998961859495
346,7,25,0.05945590578783945
198,4,9,0.059424121555931624
325,6,47,0.05941141552011614
562,12,41,0.05939769692808646
570,12,49,0.05933688001625758
25,0,26,0.05931078508926189
387,8,24,0.059263340701110855
403,8,40,0.059167716202697784
222,4,33,0.05913740815490936
638,14,44,0.05913474848193708
61,1,13,0.059093984735484203
640,14,46,0.05907138946195024
942,24,43,0.059039364273233245
603,13,45,0.059015656741864125
156,3,13,0.059005390790509815
1100,31,47,0.05896309839062593
194,4,5,0.05886202386455692
85,1,37,0.058855807759404084
203,4,14,0.05883992058427062
1145,34,41,0.05882016986909172
31,0,32,0.05880873291276456
973,25,49,0.05875080657107182
1023,28,30,0.058739859441248134
1048,29,34,0.05869580326895186
885,22,39,0.058682052261684894
558,12,37,0.05867910413303374
925,24,26,0.05863987604849913
165,3,22,0.05863948238537612
470,10,26,0.05862043068779108
122,2,26,0.05859614171992476
73,1,25,0.05857943051243667
679,15,50,0.05857729839439963
519,11,36,0.0585718437980834
307,6,29,0.058548476181445895
513,11,30,0.05849275545803674
1161,35,42,0.05841930931764245
1211,39,42,0.05839864316761674
1067,30,33,0.05829893693665306
673,15,44,0.05827516709472123
1268,46,50,0.058262742230447945
339,7,18,0.05823799491998617
527,11,44,0.058230667076912365
568,12,47,0.05821314370458271
496,11,13,0.05819186003495493
45,0,46,0.058187503532292226
550,12,29,0.05818305918219614
416,9,12,0.058179681290611004
1131,33,43,0.0581625370667296
948,24,49,0.058072825097042105
1042,28,49,0.05805324895280825
1140,34,36,0.05803166483492676
866,21,48,0.05801525568225461
754,18,26,0.05800758261191198
816,20,27,0.05799051543824115
836,20,47,0.0579593042934454
734,17,38,0.05790960627294962
928,24,29,0.05784954338004241
1121,32,50,0.05784575186787656
202,4,13,0.0578164471230467
134,2,38,0.05779264146194158
1019,27,48,0.05779020431120409
469,10,25,0.05778763345294332
931,24,32,0.05777689710596376
41,0,42,0.05775526125457253
52,1,4,0.05768500702497103
219,4,30,0.05767091614354061
408,8,45,0.0576316484124164
381,8,18,0.05763137490981113
1111,32,40,0.05757983186241561
431,9,27,0.05756458907396227
480,10,36,0.0575392485486684
370,7,49,0.0574775265329902
1018,27,47,0.057454035232251524
765,18,37,0.05740257244435777
449,9,45,0.057400613013297797
1183,36,50,0.057354495320586764
485,10,41,0.057350898632708834
153,3,10,0.057329677992002344
1110,32,39,0.05728668769229627
16,0,17,0.057283995458805394
158,3,15,0.05728155007265857
522,11,39,0.057251592246427396
564,12,43,0.057224847469801644
849,21,31,0.05720591416883428
1170,36,37,0.057188100458844565
341,7,20,0.057183319763856905
297,6,19,0.0571762232468486
974,25,50,0.05716854954134425
138,2,42,0.05714307879537781
975,26,27,0.057104336081931814
745,17,49,0.05707972111548978
163,3,20,0.05705784143093198
337,7,16,0.057019306998235146
1063,29,49,0.05701147031838587
458,10,14,0.05699663883278708
865,21,47,0.05698915118693804
68,1,20,0.056975894753838616
738,17,42,0.05694731184402133
1197,38,39,0.05690963758391408
1058,29,44,0.056901868152899625
314,6,36,0.05682985440234786
140,2,44,0.05678449903966467
326,6,48,0.0567302497394489
15,0,16,0.05673006269659505
260,5,26,0.05669456068792423
722,17,26,0.056674839947091285
1083,30,49,0.05661120889297209
54,1,6,0.056605185789451035
1127,33,39,0.056557598819364306
1008,27,37,0.056551329920738476
1101,31,48,0.05654081192441661
1225,40,46,0.056540609821198885
661,15,32,0.0565252586431285
725,17,29,0.05649734293455621
362,7,41,0.056458935922488976
13,0,14,0.056422100079147594
20,0,21,0.05641377638330307
1024,28,31,0.05634982472757338
1010,27,39,0.05634840328658768
829,20,40,0.05629940562058661
1011,27,40,0.05628006251525168
1176,36,43,0.05627559560067874
1061,29,47,0.05620059258429218
586,13,28,0.05619545606490209
400,8,37,0.05616251885877528
244,5,10,0.05615405974979037
818,20,29,0.0561319070138742
428,9,24,0.05612290188248652
573,13,15,0.0560803528749206
264,5,30,0.05601492209636029
414,9,10,0.05600862635801309
951,25,27,0.05597671101588243
87,1,39,0.055944851441489966
64,1,16,0.0559091758565341
714,17,18,0.055888746638304926
563,12,42,0.05580526183760121
1223,40,44,0.055782524588932826
1139,34,35,0.05576068085110987
1120,32,49,0.05571819897490022
6,0,7,0.05570831014492171
602,13,44,0.05570634342511605
896,22,50,0.05570001760804611
1002,27,31,0.05568082500094909
447,9,43,0.0556469781721701
14,0,15,0.05563593930418493
316,6,38,0.05560047669032239
633,14,39,0.05559998330428729
1157,35,38,0.05559954012020367
1033,28,40,0.05558863512325561
634,14,40,0.05557707321994021
269,5,35,0.05556852553134384
444,9,40,0.05555392508551037
619,14,25,0.055537957520726294
51,1,3,0.05552906900198849
335,7,14,0.05551909894411114
62,1,14,0.055503037021124385
474,10,30,0.05548010897088341
905,23,32,0.05546617976063356
453,9,49,0.05545878596492083
1014,27,43,0.05542869499389187
28,0,29,0.05537774995386316
743,17,47,0.055363589968586875
538,12,17,0.05531397100921246
228,4,39,0.05529180946703183
42,0,43,0.05528308253459101
161,3,18,0.0552424360587453
373,8,10,0.05519127505092206
846,21,28,0.05517368404535063
452,9,48,0.05506731956006517
386,8,23,0.05503384800834652
1246,42,50,0.0550194267177177
1135,33,47,0.05499100978719855
691,16,28,0.054987566647652995
918,23,45,0.05497340077696808
523,11,40,0.05497180039294539
654,15,25,0.0549545605283996
749,18,21,0.05495277829828596
724,17,28,0.05494296159379637
199,4,10,0.05490628360621081
1227,40,48,0.05488836152595332
1040,28,47,0.05488596508579349
395,8,32,0.05487512058816767
294,6,16,0.054867886762993076
389,8,26,0.054861651817950594
957,25,33,0.05483442303833737
1103,31,50,0.05481914135166025
559,12,38,0.05481451937991052
658,15,29,0.054797876229596636
828,20,39,0.05479469400857009
670,15,41,0.054776488335739636
1168,35,49,0.05476002609282081
1125,33,37,0.054759989577015784
1165,35,46,0.0547374038366269
802,19,43,0.054700879347908064
0,0,1,0.05469957153272329
218,4,29,0.054666114872926004
1256,44,47,0.05466442483406959
817,20,28,0.05464758023591613
511,11,28,0.054623712780865745
959,25,35,0.0545971998149354
930,24,31,0.054596752168661104
53,1,5,0.05459641924320288
1200,38,42,0.0545940507762171
129,2,33,0.054572980080281226
641,14,47,0.05455987254959115
338,7,17,0.05455454065694791
750,18,22,0.05454606565920259
528,11,45,0.054544763482483896
709,16,46,0.054541232377072715
1156,35,37,0.05453358240873711
698,16,35,0.05452767929219822
561,12,40,0.05452366114416177
131,2,35,0.05450889715046188
379,8,16,0.054486326765867996
1084,30,50,0.05447649245085448
1099,31,46,0.05447350063984402
168,3,25,0.0544592283167201
1147,34,43,0.054457875293824745
285,6,7,0.05442166955388627
983,26,35,0.05440897909709348
1052,29,38,0.054406658133679626
985,26,37,0.05439177773985025
962,25,38,0.054376554581808303
1201,38,43,0.0543688260988006
546,12,25,0.05433631612148613
770,18,42,0.054319551145161155
524,11,41,0.05431792995324371
512,11,29,0.05431395094548842
1,0,2,0.054289549119917006
133,2,37,0.054276673496415066
301,6,23,0.054274763355505934
409,8,46,0.054264416888233455
1115,32,44,0.054229189623315514
334,7,13,0.05421901342773817
322,6,44,0.054178096312946844
719,17,23,0.054144398401998514
1194,37,48,0.05414309729007861
1230,41,42,0.05413232933603396
1216,39,47,0.054126731641984775
742,17,46,0.054093986958987844
1114,32,43,0.05408497654848558
227,4,38,0.054080270423826654
1173,36,40,0.054073492079761615
273,5,39,0.05406313100119062
1098,31,45,0.05405332215960661
941,24,42,0.05404961901902086
531,11,48,0.05404658664137306
319,6,41,0.054003594098017776
894,22,48,0.05393609477932424
179,3,36,0.05393215810088154
1210,39,41,0.0538978795343132
1065,30,31,0.05388024388476585
842,21,24,0.05385155758052902
440,9,36,0.05383216435628494
149,3,6,0.05383114916437709
494,10,50,0.0537626700046093
432,9,28,0.05374438638266188
309,6,31,0.05374079916335915
420,9,16,0.05369582531030957
114,2,18,0.053642626018359195
1090,31,37,0.053640139743155776
317,6,39,0.0536054610898663
851,21,33,0.05359938690336069
999,27,28,0.053593347631937266
270,5,36,0.05359228517288352
426,9,22,0.0535865029547991
1184,37,38,0.053530026932257356
10,0,11,0.053511946261091986
1030,28,37,0.05349149483388928
777,18,49,0.053471480937167123
464,10,20,0.05341485189611775
350,7,29,0.05336788365059431
993,26,45,0.05336029584954317
1080,30,46,0.0532988828090441
1248,43,45,0.0532972815962061
86,1,38,0.05327573657242894
737,17,41,0.05325928533710279
591,13,33,0.05325011313239798
406,8,43,0.05319251500877622
594,13,36,0.053191059589006426
731,17,35,0.053182789815200394
169,3,26,0.05314613968720896
944,24,45,0.053108299556209916
214,4,25,0.05308943018349739
1162,35,43,0.05308805290359347
3,0,4,0.053051223246431196
330,7,9,0.05303339887749824
472,10,28,0.05298420166942239
882,22,36,0.05297498626264608
987,26,39,0.05293382729758825
969,25,45,0.05287292003311594
835,20,46,0.052867210674660735
779,19,20,0.05286430379413069
468,10,24,0.05284478064737543
968,25,44,0.05283135022243017
859,21,41,0.05279165697023277
481,10,37,0.05278312024912894
549,12,28,0.05275662619893982
503,11,20,0.05275651911634928
806,19,47,0.05271583679861477
555,12,34,0.052627489056884066
1164,35,45,0.052615596869221
1004,27,33,0.05260407366015752
460,10,16,0.05258567945683786
599,13,41,0.052581795802261355
425,9,21,0.05257985911156555
735,17,39,0.052563282071328474
116,2,20,0.05255124983475282
487,10,43,0.05253922124281221
467,10,23,0.05244840055711503
571,12,50,0.05240877666101329
190,3,47,0.0523878183863555
880,22,34,0.052382990752129543
929,24,30,0.052377761883611346
794,19,35,0.052368859405256145
182,3,39,0.0523370842960361
909,23,36,0.052318081097109156
1050,29,36,0.0523163746924423
535,12,14,0.05231454558933797
385,8,22,0.05231174260661375
236,4,47,0.052292779559581976
35,0,36,0.052278959071712566
1104,32,33,0.05225641030319049
418,9,14,0.05223372484986661
465,10,21,0.052175996611895877
9,0,10,0.052168559467710963
860,21,42,0.05216602192935571
247,5,13,0.05210095373384514
526,11,43,0.05206046029859657
1095,31,42,0.052042876499635946
1160,35,41,0.05203632250459489
229,4,40,0.05201493118202573
668,15,39,0.05201031439059575
232,4,43,0.05198663468762
1057,29,43,0.05197901162571756
63,1,15,0.05195764361562358
785,19,26,0.05191339112918207
1025,28,32,0.051890794245617614
1012,27,41,0.05188610649924849
352,7,31,0.05186955067089066
1257,44,48,0.05184543141238146
1134,33,46,0.051842781543163
637,14,43,0.05179065260433576
136,2,40,0.05179034342292253
437,9,33,0.05176175796136935
331,7,10,0.05174436361053369
1151,34,47,0.05171230780833627
142,2,46,0.05167130203302354
1069,30,35,0.051667298038879886
390,8,27,0.05161620165288995
706,16,43,0.051616186278625194
923,23,50,0.05160536728610654
988,26,40,0.05160226297616611
995,26,47,0.0515990789458296
1141,34,37,0.051585770027750756
93,1,45,0.051575114284805774
360,7,39,0.051570120047225054
97,1,49,0.05156685667939976
188,3,45,0.0515590681872246
1270,47,49,0.05151263475998432
652,15,23,0.05150845299103525
557,12,36,0.05146492135106316
268,5,34,0.05145759751151028
176,3,33,0.051447034130258376
321,6,43,0.05144207169795535
394,8,31,0.05141635903044411
486,10,42,0.05141601508391585
617,14,23,0.05138414905682601
24,0,25,0.05137075494409632
90,1,42,0.05135338217608466
605,13,47,0.05132333644813254
977,26,29,0.05131996000184356
953,25,29,0.05130048383476543
89,1,41,0.05129970181502789
601,13,43,0.051299217520248144
915,23,42,0.05128313646982061
1177,36,44,0.05125434778625242
621,14,27,0.05125267642263608
795,19,36,0.05124972290975752
201,4,12,0.05123943312513235
475,10,31,0.051226003005658445
919,23,46,0.051206344363175976
235,4,46,0.051163175615720605
1112,32,41,0.05115811212026738
187,3,44,0.05115452624596148
508,11,25,0.051154150604005785
71,1,23,0.051136921268988604
311,6,33,0.051102274403351355
1073,30,39,0.051077635923739324
955,25,31,0.0510750133482911
1267,46,49,0.05107202686621615
780,19,21,0.05105939497105811
954,25,30,0.05105758452041631
191,3,48,0.05101831703554488
170,3,27,0.0510086693286353
1234,41,46,0.0510004913981829
1027,28,34,0.0509817424583243
685,16,22,0.05095628185974871
137,2,41,0.0509538821034196
566,12,45,0.05090286568179168
171,3,28,0.05090269227398332
907,23,34,0.050831280549095366
892,22,46,0.05081301089155349
506,11,23,0.05079619592050053
478,10,34,0.05078549525094105
1046,29,32,0.050755764000096903
1132,33,44,0.050745929412353966
1237,41,49,0.0507163815789055
375,8,12,0.05067736390191835
1144,34,40,0.050666450347530714
1029,28,36,0.05064932998299993
340,7,19,0.050620628990167726
739,17,43,0.050561787875896234
333,7,12,0.05054430370179515
1224,40,45,0.05053735816835602
963,25,39,0.0504827083715843
610,14,16,0.05047452904266547
801,19,42,0.050456590527681144
553,12,32,0.05044133874944496
455,10,11,0.05041058814328023
281,5,47,0.050404115580035894
704,16,41,0.05038565684843856
318,6,40,0.0503781637517002
150,3,7,0.05035819698178026
1228,40,49,0.050339561729220786
434,9,30,0.05031641714132876
216,4,27,0.050233005642232154
1273,48,50,0.05020562358697031
1149,34,45,0.05019987020834049
1124,33,36,0.05018965854823398
98,1,50,0.05017501021448623
630,14,36,0.05011877177470393
548,12,27,0.05011172769486247
206,4,17,0.05008074543201026
798,19,39,0.05006424791725081
310,6,32,0.05005871918654836
427,9,23,0.050036988035928556
782,19,23,0.05003376289837096
69,1,21,0.05003135910006843
878,22,32,0.050023670837356114
401,8,38,0.049953104955506734
12,0,13,0.04992692462473716
1096,31,43,0.04992137374828726
518,11,35,0.04989817113302196
1169,35,50,0.049893872096929845
215,4,26,0.049868520518181705
100,2,4,0.04986565154248174
767,18,39,0.04985484083391095
349,7,28,0.049804935939343147
257,5,23,0.04979144166218667
888,22,42,0.04975792976662188
22,0,23,0.04974958121392153
343,7,22,0.049749467629593334
489,10,45,0.049735391114856385
1136,33,48,0.049703605209687265
413,8,50,0.04970215341451648
752,18,24,0.04968268692307357
789,19,30,0.049675841657636846
991,26,43,0.0496705653717447
1026,28,33,0.049654808645527564
660,15,31,0.04963257640301182
517,11,34,0.04962926420889271
1196,37,50,0.04962095221850418
1102,31,49,0.0496148855761043
256,5,22,0.049578939339986174
762,18,34,0.049575698693002046
1212,39,43,0.04957533599106147
1056,29,42,0.04956363819973177
1087,31,34,0.04953662927476157
744,17,48,0.04951364467991494
77,1,29,0.04950640847605009
694,16,31,0.049467828467462185
986,26,38,0.04939675977893338
501,11,18,0.049385839314716413
1199,38,41,0.04937873156154664
141,2,45,0.04934751694296237
1043,28,50,0.049306537209427154
543,12,22,0.04930109985509324
827,20,38,0.049299868882027684
1109,32,38,0.04927603977352434
580,13,22,0.04921647392452061
193,3,50,0.049203353122919215
254,5,20,0.04915257397582266
448,9,44,0.0491506713627013
1034,28,41,0.04913307595513734
442,9,38,0.049115643610368624
1077,30,43,0.04909585749439989
32,0,33,0.049089539573125084
348,7,27,0.04907796721796794
597,13,39,0.04905722075216565
924,24,25,0.049048798159904185
560,12,39,0.04904561912034557
1231,41,43,0.04899827834070138
128,2,32,0.04890923053760886
1060,29,46,0.0489040091565753
369,7,48,0.048896560710002625
674,15,45,0.04888739155635266
5,0,6,0.048884338080841486
884,22,38,0.04887102086316086
422,9,18,0.04881667497297245
347,7,26,0.04881217885077522
1178,36,45,0.048797100364451645
879,22,33,0.04876236082953659
438,9,34,0.048761610919626316
588,13,30,0.04875630319224784
618,14,24,0.04875147292050445
105,2,9,0.048741682233441434
1167,35,48,0.048700558992746286
935,24,36,0.0486568062306751
505,11,22,0.04865579981337934
581,13,23,0.04865311621630605
393,8,30,0.04864940514729669
639,14,45,0.048618644131159794
720,17,24,0.048607814064485
867,21,49,0.04860688088314518
965,25,41,0.04859136990784676
1205,38,47,0.04859010546854649
275,5,41,0.048545395384800835
871,22,25,0.048534579883296694
1255,44,46,0.04851977650269837
454,9,50,0.048480341781328526
195,4,6,0.04847928085843374
529,11,46,0.04847850778525547
1206,38,48,0.04847654978153368
833,20,44,0.04847416282930713
763,18,35,0.04837630540509009
1072,30,38,0.0483280704495039
1260,45,46,0.04832300780494698
1076,30,42,0.048310637805508434
500,11,17,0.04828146079653887
81,1,33,0.04827083653331323
378,8,15,0.04825200950336866
1217,39,48,0.04824653441906336
982,26,34,0.04823970941397064
940,24,41,0.048236848625802
540,12,19,0.048169170614966075
981,26,33,0.04811538298420771
1163,35,44,0.0480780377959869
1251,43,48,0.048033590435888805
657,15,28,0.04799187282543364
1188,37,42,0.04795435601149658
631,14,37,0.04794037602684257
212,4,23,0.04791465012550771
688,16,25,0.047900755395765444
534,12,13,0.04787688271439253
355,7,34,0.047875934306254905
898,23,25,0.04785616888624833
1190,37,44,0.04785288249801598
126,2,30,0.047773828038842475
1233,41,45,0.047760473722129326
1021,27,50,0.04774573702449406
841,21,23,0.047734649893029085
1142,34,38,0.04771313402917796
862,21,44,0.047695407274821265
55,1,7,0.04769022081457378
984,26,36,0.047670606385409445
1180,36,47,0.047659123153085764
1129,33,41,0.047651666234729065
104,2,8,0.047643132160253135
840,21,22,0.04763057204576371
1158,35,39,0.04762171383223733
796,19,37,0.04756367789576836
992,26,44,0.04755076234785157
1039,28,46,0.047536562028506466
937,24,38,0.04751432181733189
611,14,17,0.047496483027355825
932,24,33,0.04749111972896559
1041,28,48,0.04747250816635455
848,21,30,0.04744979701775464
666,15,37,0.04744428789231735
850,21,32,0.04743917318519197
1064,29,50,0.04740965168142104
303,6,25,0.04740946670518811
718,17,22,0.047405308596321444
139,2,43,0.04738643453457009
162,3,19,0.047381609905054974
916,23,43,0.047355622069025806
1031,28,38,0.04734550009958893
815,20,26,0.04732563990021024
84,1,36,0.0473125016040342
248,5,14,0.047280320618639675
852,21,34,0.047274553075798545
1075,30,41,0.04727287458256893
775,18,47,0.0472491493525281
1082,30,48,0.047212265218488265
396,8,33,0.04717823576028117
793,19,34,0.04716909302315648
759,18,31,0.04716531011109091
710,16,47,0.047154674711428556
251,5,17,0.047107962373732055
514,11,31,0.047096969674640436
874,22,28,0.04707814998635902
238,4,49,0.047057827778236805
989,26,41,0.047057566687845456
279,5,45,0.04705302485447875
773,18,45,0.04704839065793141
233,4,44,0.0469495940677571
629,14,35,0.0468739981104238
1254,44,45,0.046787705504452444
1269,47,48,0.046782479018746756
392,8,29,0.046779512986894395
837,20,48,0.04675309638025149
1009,27,38,0.046745315932097076
592,13,34,0.04673636655264203
353,7,32,0.046734152563015316
808,19,49,0.04666890356201853
1117,32,46,0.046641824744100335
372,8,9,0.04664153763340594
1022,28,29,0.04661831771830776
854,21,36,0.04660546763898712
132,2,36,0.046537113059275506
822,20,33,0.04653194061645995
1000,27,29,0.04651921868456493
1152,34,48,0.04650982677291942
823,20,34,0.04650491584051157
996,26,48,0.046478018292046654
88,1,40,0.04644899695879266
1243,42,47,0.04641789850420128
145,2,49,0.04641755977501542
819,20,30,0.04639274860684915
295,6,17,0.04638011881268498
702,16,39,0.04634699111637972
155,3,12,0.04634606799892172
886,22,40,0.04632817597422717
530,11,47,0.04630652153982448
696,16,33,0.04628735924333495
1266,46,48,0.046249671347138914
57,1,9,0.04620073832031433
492,10,48,0.046190554752394614
296,6,18,0.046155481865212726
1258,44,49,0.046155334572084775
305,6,27,0.04615526937713054
721,17,25,0.04614248114632504
67,1,19,0.04613508812213225
717,17,21,0.046127851343218486
628,14,34,0.04612682963646145
1106,32,35,0.04612322966338295
147,3,4,0.046117315171743764
292,6,14,0.046086413424343005
697,16,34,0.04597488581080742
441,9,37,0.04596124513457255
1191,37,45,0.04596037887276189
853,21,35,0.04592583914701858
1245,42,49,0.045916649940835386
873,22,27,0.04585944593170561
259,5,25,0.045846021517173464
424,9,20,0.04581708325065246
1175,36,42,0.04578797853347289
889,22,43,0.04578264432993738
320,6,42,0.04576615122571152
701,16,38,0.04575764715962035
623,14,29,0.04575476217648338
271,5,37,0.04572533195653176
844,21,26,0.04571011396420658
541,12,20,0.045697547980460475
682,16,19,0.045693096102494585
417,9,13,0.0456752135754177
118,2,22,0.04562916159347941
768,18,40,0.04562848003055386
1068,30,34,0.04560680025521104
240,5,6,0.045596747370596886
980,26,32,0.04558021304459578
411,8,48,0.045549179029324136
112,2,16,0.04554421701628075
234,4,45,0.0455308728973526
412,8,49,0.04551752549791912
397,8,34,0.045477222705758935
537,12,16,0.04539332515120761
504,11,21,0.04533706035833934
703,16,40,0.04530161359165234
994,26,46,0.045283006396978034
683,16,20,0.04523149375547241
847,21,29,0.04523036139700532
410,8,47,0.04523003474039959
1133,33,45,0.045208732351518136
747,18,19,0.04515767846457634
900,23,27,0.04515731490913552
94,1,46,0.04512296370863999
895,22,49,0.04512144918634599
433,9,29,0.04506192568459473
265,5,31,0.04505200242777081
371,7,50,0.04500097069793136
497,11,14,0.044988464768538454
332,7,11,0.044967934617866745
289,6,11,0.04496713564356942
736,17,40,0.04494124039811891
1005,27,34,0.04490244447801135
177,3,34,0.04486460393861753
678,15,49,0.04485850010993115
250,5,16,0.04485741155280864
521,11,38,0.04483479801904176
939,24,40,0.044781211944448424
532,11,49,0.04477733697620164
788,19,29,0.04477520055694272
74,1,26,0.04473224784674784
708,16,45,0.04470356758246838
869,22,23,0.044664699030793766
575,13,17,0.04463869199155134
115,2,19,0.04462591195295136
764,18,36,0.04461619734205091
952,25,28,0.04455877179834041
1094,31,41,0.04455301178410157
70,1,22,0.044552625491995144
913,23,40,0.0445495056173043
1128,33,40,0.04454102361316865
26,0,27,0.04452869776070107
1122,33,34,0.0445262706224472
627,14,33,0.04450830366176552
542,12,21,0.04450392867803295
832,20,43,0.04447485200743549
778,18,50,0.044347572286956224
686,16,23,0.044339938519218663
1218,39,49,0.04424237497522956
856,21,38,0.04421236260655438
498,11,15,0.044208964552540794
261,5,27,0.04417380679236753
810,20,21,0.04417168915892812
960,25,36,0.04414625021549456
1062,29,48,0.04413655588114962
436,9,32,0.04406435791895416
712,16,49,0.04405641994951965
451,9,47,0.04399964364420224
58,1,10,0.043986515283279015
21,0,22,0.04397272796799417
423,9,19,0.043947668198622385
48,0,49,0.043884874770107225
461,10,17,0.04387206662818995
457,10,13,0.043842034835119295
732,17,36,0.043829361499575226
624,14,30,0.04382241392937693
1241,42,45,0.04380536071956197
1263,45,49,0.04376393838580264
421,9,17,0.043732393279664626
102,2,6,0.04366950263442058
766,18,38,0.043661766452758405
730,17,34,0.043661026379852794
1107,32,36,0.043638102373227225
146,2,50,0.04356997858478466
733,17,37,0.04355708828116313
415,9,11,0.043543605202818025
774,18,46,0.04351875106037212
799,19,40,0.043484454678836035
1220,40,41,0.043480117106128195
911,23,38,0.043474755459424086
976,26,28,0.04346350078375295
65,1,17,0.04340664720411311
723,17,27,0.04339307551719241
667,15,38,0.0433560683803155
180,3,37,0.043343226890299805
612,14,18,0.04334259288692874
583,13,25,0.04331491785153184
1207,38,49,0.04329662802312225
716,17,20,0.043296616807790095
1274,49,50,0.0432917850237212
875,22,29,0.04322563999936752
1016,27,45,0.043189178124943696
323,6,45,0.043157442840228585
758,18,30,0.04315211623926232
1032,28,39,0.04314752918002217
327,6,49,0.043079060449748637
267,5,33,0.04306210856351851
221,4,32,0.042964499977156005
552,12,31,0.042953113360733236
1221,40,42,0.042917927143296834
429,9,25,0.042891129261181674
1219,39,50,0.04282396656482088
192,3,49,0.04275107257851811
825,20,36,0.04273697907135508
1116,32,45,0.04272840696288108
207,4,18,0.042674517299797175
366,7,45,0.042662594376202324
277,5,43,0.042642592660165485
681,16,18,0.042637664310404784
304,6,26,0.042631226065721145
300,6,22,0.0426137014004462
979,26,31,0.042603846964518695
792,19,33,0.04254699789510793
1017,27,46,0.04251747341727943
1247,43,44,0.04239046563649107
119,2,23,0.04238759264844302
677,15,48,0.042360468163694216
37,0,38,0.04232020911642619
95,1,47,0.04223467769168054
435,9,31,0.04196224523791311
197,4,8,0.041889144173000215
1179,36,46,0.041853138720658656
883,22,37,0.04181701761180318
705,16,42,0.041806163389104326
200,4,11,0.04179957597625262
205,4,16,0.04173241332208369
805,19,46,0.0416734165731191
1055,29,41,0.04166367959266424
516,11,33,0.04165380991471816
1089,31,36,0.041639807085048705
450,9,46,0.04163415186415513
243,5,9,0.04162169550621785
593,13,35,0.04162119723892686
430,9,26,0.04155068737855753
864,21,46,0.041510243597687346
632,14,38,0.04148482147692205
669,15,40,0.04145098460876019
881,22,35,0.04141467516382505
663,15,34,0.041330919489457815
970,25,46,0.041237179934383396
1113,32,42,0.04123278956460527
672,15,43,0.041232542689409554
600,13,42,0.04116252434196716
368,7,47,0.04111157850890885
877,22,31,0.04106997961593693
8,0,9,0.041065391866178524
576,13,18,0.04101923844747543
1189,37,43,0.04099838978844765
845,21,27,0.04098641656719468
456,10,12,0.04096312006398432
843,21,25,0.04089259277143216
998,26,50,0.04084301261776756
183,3,40,0.040833042756814306
887,22,41,0.04080069011278691
306,6,28,0.040772833379899114
614,14,20,0.04076377561497734
690,16,27,0.04072536090042472
715,17,19,0.040478588462125535
507,11,24,0.040424993374623866
502,11,19,0.04040476981999378
44,0,45,0.04033242828375672
648,15,19,0.04009164642326157
208,4,19,0.040039951200613606
488,10,44,0.03982702092477454
1053,29,39,0.03981154698347375
713,16,50,0.039729325596939216
245,5,11,0.03972135159085334
926,24,27,0.03969457383188693
249,5,15,0.039694192735128364
1038,28,45,0.03969219445919553
473,10,29,0.03960842962324635
1070,30,36,0.03959283469172488
120,2,24,0.039411166327320696
1081,30,47,0.03939309106348582
443,9,39,0.03900866567142208
729,17,33,0.038934539916045625
804,19,45,0.03870897818049114
241,5,7,0.03822011724471195
1208,38,50,0.03803998728889275
1003,27,32,0.037881485647721626
39,0,40,0.037841430311152294
872,22,26,0.037827633297558484
728,17,32,0.037752105350106736
1249,43,46,0.03754809066108051
2,0,3,0.03720238808892706
692,16,29,0.03683972203226868
863,21,45,0.0365955073791198
1079,30,45,0.03611140976837945
1088,31,35,0.0358249450502176
