,instrument_1,instrument_2_shifted,distance_corr
18,19,0,0.9812236164431765
440,45,9,0.9801493821572365
553,44,12,0.978678303902519
1124,40,35,0.9762272099682672
340,26,7,0.9605069386400572
1224,49,48,0.9592341843419059
129,35,2,0.9452577215069559
134,40,2,0.9450288814883407
713,34,17,0.9443357099319757
112,18,2,0.9369005044456151
1080,41,32,0.9352456344183869
930,31,25,0.9328311196816865
750,40,18,0.9312479145579143
741,31,18,0.9276919577656674
110,16,2,0.9275656468223968
745,35,18,0.9272932899754657
687,40,16,0.917216249032684
735,25,18,0.9133058136343232
665,18,16,0.9109575419769301
992,48,27,0.9086618300024354
7,8,0,0.906840319757943
682,35,16,0.9066699233074825
374,19,8,0.9061098428804123
1157,48,37,0.9054196967666094
993,49,27,0.9023532957890112
6,7,0,0.9018776240526497
1005,40,28,0.9000661727010785
25,26,0,0.8993006527977582
324,10,7,0.8979395724241277
1158,49,37,0.8965627952450356
333,19,7,0.8961229719683134
957,35,26,0.8941805760291479
766,26,19,0.8941754197105584
122,28,2,0.8923347567901889
322,8,7,0.890479541804133
462,28,10,0.8891239301071745
962,40,26,0.8888100381734866
111,17,2,0.8876022421630801
1000,35,28,0.8858136364533707
1062,40,31,0.8856025108176049
460,26,10,0.8848625785164225
128,34,2,0.8841758940079234
120,26,2,0.883934300116864
34,35,0,0.8807054119388795
349,35,7,0.880644178624315
9,10,0,0.8800287705979972
39,40,0,0.8775353855125957
354,40,7,0.877267951665479
1057,35,31,0.8770607588557378
125,31,2,0.8769565927256145
775,35,19,0.8767463814724652
707,28,17,0.8763787595729032
101,7,2,0.8745647913349217
365,10,8,0.8744572796736177
381,26,8,0.8735288602625506
342,28,7,0.8712632959406923
664,17,16,0.870821197988425
744,34,18,0.8705819212284888
780,40,19,0.8694856972803157
527,18,12,0.8682226977088149
999,34,28,0.867733368576133
681,34,16,0.8654326461682558
697,18,17,0.8645744517394129
453,19,10,0.8613946289645349
950,28,26,0.8595581307496949
390,35,8,0.858198513092529
736,26,18,0.8581751950882233
719,40,17,0.8577466301748017
981,37,27,0.8574578459821809
678,31,16,0.8567861248785599
481,47,10,0.8564184920713727
102,8,2,0.8552647349702411
395,40,8,0.8548200791119829
1104,49,33,0.8542586890954545
106,12,2,0.8538507945243042
119,25,2,0.8533288442907567
27,28,0,0.8513823438736785
939,40,25,0.8499133409507428
953,31,26,0.8494992260918598
738,28,18,0.84879568231962
1110,40,34,0.8484650765319087
1,2,0,0.8472454222734949
383,28,8,0.8468211090227138
573,28,13,0.8457403796092907
934,35,25,0.8455020339324527
979,35,27,0.8452804742827479
754,44,18,0.8445409686460286
544,35,12,0.8433260752193329
332,18,7,0.8429486975890658
714,35,17,0.8416399716388963
48,49,0,0.8406512399672753
138,44,2,0.8404746557799686
47,48,0,0.8394524403683808
710,31,17,0.8386308935783492
474,40,10,0.8377474991385895
768,28,19,0.8376284674492096
469,35,10,0.8368657951137306
672,25,16,0.8364178174112459
1046,42,30,0.8355494767590819
1105,35,34,0.8347318181968102
996,31,28,0.8323093828528202
789,49,19,0.8318404806250896
675,28,16,0.831579583982471
368,13,8,0.8301979918906265
949,27,26,0.8301321275180579
788,48,19,0.8297394973118698
26,27,0,0.8289799428892743
984,40,27,0.828903981771635
1056,34,31,0.8286344399236854
1128,44,35,0.8267694735806701
549,40,12,0.8266871253219139
1103,48,33,0.8260111687219159
107,13,2,0.8258687874776365
113,19,2,0.8251462206694726
536,27,12,0.8245810127175772
1153,44,37,0.8245409872455151
767,27,19,0.8240326267309631
1012,47,28,0.8234357195202766
704,25,17,0.823344857465793
345,31,7,0.8203567234552319
988,44,27,0.8200217866969983
311,39,6,0.8189382476419125
1092,37,33,0.8184444670801742
977,33,27,0.816627623650603
535,26,12,0.815960516751442
966,44,26,0.8152166691498365
925,26,25,0.8149348309448284
777,37,19,0.8138203006419129
12,13,0,0.8110176599484752
585,40,13,0.8104486841344571
540,31,12,0.8104402403735044
1183,44,40,0.8102249151016125
797,28,20,0.8098921374534488
104,10,2,0.8092969261195676
927,28,25,0.8087911128281949
737,27,18,0.8084522339522422
546,37,12,0.8064756740200281
156,16,3,0.8063525987825957
933,34,25,0.8060752025119055
36,37,0,0.8058056886902423
773,33,19,0.8052203823145361
975,31,27,0.8049370521303474
534,25,12,0.8035827001617551
32,33,0,0.803340912059632
911,36,24,0.8025712406522294
327,13,7,0.7999189067225171
184,44,3,0.799690966562803
803,34,20,0.7993871620858858
152,12,3,0.7980831375153522
525,16,12,0.7968536186089521
339,25,7,0.7963280473644722
943,44,25,0.7957783845719532
341,27,7,0.7955399477842284
564,19,13,0.7948062388900545
1066,44,31,0.7921095167372251
580,35,13,0.7919163461002839
705,26,17,0.7913943798348293
970,48,26,0.7902628949498687
447,13,10,0.7902088939997943
373,18,8,0.7894103337327074
699,20,17,0.7892236614002328
97,3,2,0.7889629181986744
1019,34,29,0.7885780837332215
326,12,7,0.7882029551637108
1132,48,35,0.7867745062120491
571,26,13,0.7846510324041462
557,48,12,0.784626792642752
331,17,7,0.7832126189864731
358,44,7,0.7822832505485148
17,18,0,0.7818365087002058
1187,48,40,0.7818166584439398
1213,48,44,0.7816954052728703
465,31,10,0.7809974297294897
565,20,13,0.7809414880576018
956,34,26,0.7797023184519695
1133,49,35,0.7793687480615262
30,31,0,0.7764909961589648
579,34,13,0.7751388405654682
46,47,0,0.7749129094605621
673,26,16,0.774713918043931
691,44,16,0.7742421167834799
971,49,26,0.7734325920322339
452,18,10,0.7729959115131234
1188,49,40,0.7729353285122866
367,12,8,0.7723571828573881
513,41,11,0.7711711830881323
1147,38,37,0.7694094223535901
994,29,28,0.7693625470311479
348,34,7,0.7688097257226665
1121,37,35,0.7674266462119907
1149,40,37,0.7664922729706636
186,46,3,0.7646559227689205
771,31,19,0.7646424555116699
362,48,7,0.7641943054239024
330,16,7,0.7628691769285932
708,29,17,0.7614594035306957
363,49,7,0.7611724369238337
562,17,13,0.7589400778432739
623,43,14,0.7579567567067756
399,44,8,0.7570427598428373
926,27,25,0.7559471665224604
451,17,10,0.7555140690938171
558,49,12,0.7547377922627634
459,25,10,0.7547011537186986
11,12,0,0.7544374675698783
386,31,8,0.7540836385126849
758,48,18,0.752742597655328
729,19,18,0.7517236279739394
1214,49,44,0.7514306042280537
547,38,12,0.7477504255790558
121,27,2,0.7471117250845172
463,29,10,0.746189171911488
784,44,19,0.7453179545968135
528,19,12,0.7450174258188929
787,47,19,0.7444030351860591
371,16,8,0.7431971802868035
1070,48,31,0.7431197836129013
1164,44,38,0.7421857427581975
158,18,3,0.7405815717609658
361,47,7,0.7400305415397115
592,47,13,0.7374923070122256
1186,47,40,0.7374574860129908
392,37,8,0.7372414661871183
1199,45,42,0.7363920017159922
759,49,18,0.7359166594560661
563,18,13,0.7355264384937614
43,44,0,0.7346080587206635
561,16,13,0.733586491714217
15,16,0,0.7334039118299006
180,40,3,0.7310152576761206
959,37,26,0.7309527590733597
1090,35,33,0.7297247704436645
403,48,8,0.7273455313591406
504,32,11,0.7270950382462102
404,49,8,0.72680446502507
801,32,20,0.7266671476591575
174,34,3,0.7261563473211521
175,35,3,0.7244002723482852
969,47,26,0.720997595191336
389,34,8,0.720637582854182
372,17,8,0.7206287786643458
947,48,25,0.7204236682949281
543,34,12,0.7194918992031555
482,48,10,0.717171545121915
24,25,0,0.7170077616341906
810,41,20,0.716542997537458
468,34,10,0.716070862979134
1095,40,33,0.7152494111979923
955,33,26,0.7150310258561589
437,42,9,0.71318020657068
380,25,8,0.7131182807161005
666,19,16,0.7115228778025855
526,17,12,0.7109047071472941
747,37,18,0.7108742838878699
483,49,10,0.7102349854230542
157,17,3,0.7097227492235699
1071,49,31,0.7094276507417636
351,37,7,0.709027017785634
114,20,2,0.7080155665764939
142,48,2,0.707813730009778
537,28,12,0.7077993127276235
1032,47,29,0.7066531780065312
461,27,10,0.7065554336265865
1131,47,35,0.7062693255237714
765,25,19,0.7061451503234983
1114,44,34,0.70459451822684
1009,44,28,0.7034895903267828
667,20,16,0.7034541203240285
1168,48,38,0.703213312743776
674,27,16,0.702134218135826
402,47,8,0.7015403109232579
576,31,13,0.6982225691795656
723,44,17,0.6978158248654284
347,33,7,0.696541152695904
143,49,2,0.6958483212376158
972,28,27,0.6947429940974005
899,49,23,0.6943886900218427
244,15,5,0.6937534177327832
131,37,2,0.6932948545851944
123,29,2,0.6931645741799758
898,48,23,0.6917468976868891
382,27,8,0.6915382942021345
1169,49,38,0.6874643909331349
450,16,10,0.686173731955985
1069,47,31,0.6850608242791036
304,32,6,0.6840135393139501
809,40,20,0.682790267052279
1013,48,28,0.6803429464146372
1025,40,29,0.679530396684221
16,17,0,0.6789581656661569
313,41,6,0.6785284064333478
574,29,13,0.6766197364452811
685,38,16,0.6757302756088492
693,46,16,0.6753487407427374
1049,45,30,0.674804194787534
343,29,7,0.6748007171463488
1016,31,29,0.6743323846523112
798,29,20,0.673698358496677
948,49,25,0.6705096201151581
763,23,19,0.6699621565570653
739,29,18,0.6696508215581345
748,38,18,0.6694762184256215
1160,40,38,0.6685687409086378
22,23,0,0.667771429285407
520,48,11,0.6676425769602281
1099,44,33,0.6673421999646909
625,45,14,0.6670012465525036
1122,38,35,0.6655959879183285
570,25,13,0.6652264470373025
1014,49,28,0.6651909650013004
132,38,2,0.6649258229125196
936,37,25,0.6645925964358076
425,30,9,0.6641981895970864
1059,37,31,0.6638820554117258
446,12,10,0.6629740664997946
409,14,9,0.6625586798796091
33,34,0,0.6614546124778213
171,31,3,0.6612056773143486
1020,35,29,0.660750669898916
951,29,26,0.65900854560671
521,49,11,0.6576698132618711
698,19,17,0.6573634943887253
165,25,3,0.65672270322614
695,48,16,0.656162176121659
804,35,20,0.6561604064508982
676,29,16,0.655759964142004
1216,47,45,0.6556320374192688
840,43,21,0.6549116416222365
816,47,20,0.6539850080711628
141,47,2,0.6515200420122064
774,34,19,0.6513101516097707
456,22,10,0.6513015005436246
982,38,27,0.6492258478272397
442,47,9,0.6487078483225359
946,47,25,0.6487065324835226
542,33,12,0.6482282530092179
388,33,8,0.6481940421509584
1078,39,32,0.6481572974857248
478,44,10,0.6474976473808433
511,39,11,0.6459593340214581
589,44,13,0.6437114766033367
726,47,17,0.6426279613446092
730,20,18,0.6414210716586831
928,29,25,0.641211661405864
883,33,23,0.6410513455829822
696,49,16,0.6410511764498992
384,29,8,0.6410438197583818
522,13,12,0.6389992210793904
127,33,2,0.6372970211215409
1152,43,37,0.6372866676385096
577,32,13,0.6367293474512675
168,28,3,0.6358359488580748
283,11,6,0.6331854848530744
467,33,10,0.6325002815830177
757,47,18,0.631940334192522
1055,33,31,0.6303258541254245
684,37,16,0.6281043716391232
278,49,5,0.6258225822436216
277,48,5,0.6254061585576927
471,37,10,0.6252389404675236
1205,45,43,0.6247037859399236
601,21,14,0.6219848985856414
317,45,6,0.6215630163324326
240,11,5,0.6199856576878952
1175,45,39,0.6192907863720654
88,41,1,0.6192800089729198
978,34,27,0.6192479589331892
239,10,5,0.6181215591977927
586,41,13,0.6177264867794616
281,9,6,0.6177002894124632
377,22,8,0.6176163864796417
1171,41,39,0.6164366519259972
28,29,0,0.6158902698192711
743,33,18,0.6154408207847184
706,27,17,0.614912052564332
594,49,13,0.6131120904319083
438,43,9,0.6129472160557359
937,38,25,0.6127553841281871
1223,49,47,0.6126671215284286
593,48,13,0.6116137706515857
1002,37,28,0.6114308658081933
887,37,23,0.6113801704879223
778,38,19,0.6110922275947581
661,47,15,0.6110411571441344
178,38,3,0.6105701230325525
1222,48,47,0.6076530042952977
266,37,5,0.6052643813137291
1201,47,42,0.6046719215963696
1117,47,34,0.6036770903150825
1185,46,40,0.6019980359801688
582,37,13,0.6018234043851368
454,20,10,0.5998431157714735
814,45,20,0.5997154670561607
1116,46,34,0.5994057399156931
37,38,0,0.5991729398834685
617,37,14,0.5985673628146302
794,25,20,0.5984479782034359
58,11,1,0.5976578307664757
160,20,3,0.5963786400096809
1130,46,35,0.5944315590731781
434,39,9,0.5937323375689941
725,46,17,0.5935470905026726
811,42,20,0.592166535726994
1093,38,33,0.5919056798785614
393,38,8,0.5913609885653631
839,42,21,0.5904406614156594
800,31,20,0.5895585934942715
877,27,23,0.5889455285601433
769,29,19,0.5884745439899902
334,20,7,0.58785209449139
1060,38,31,0.5871740228644104
276,47,5,0.586433001693342
590,45,13,0.5847282941788712
960,38,26,0.5839335912676558
756,46,18,0.5838321434792139
148,8,3,0.5837010723557368
991,47,27,0.5825424256349093
499,27,11,0.58193092855711
871,47,22,0.580703843513475
509,37,11,0.5802102709973989
680,33,16,0.5797697474721262
1084,45,32,0.5787373638712507
998,33,28,0.5763346979896383
166,26,3,0.5755559622408704
140,46,2,0.5747460744837426
337,23,7,0.5739025162032568
408,13,9,0.57351620035234
505,33,11,0.573179478287589
572,27,13,0.5712396958388952
642,28,15,0.5682436983084502
842,45,21,0.5680771073497216
578,33,13,0.5679167685628753
1017,32,29,0.5666188191332482
624,44,14,0.5649547882031758
795,26,20,0.5647329467510241
932,33,25,0.5645900097660072
618,38,14,0.5645168726373895
415,20,9,0.5630698574678733
694,47,16,0.5622980922323679
352,38,7,0.5622708261025291
1192,45,41,0.5615711028667357
457,23,10,0.5615462172834593
153,13,3,0.5604698758481368
1010,45,28,0.5588534714641707
827,30,21,0.5576506108375278
1204,44,43,0.5569649993021372
427,32,9,0.5564440625681079
336,22,7,0.5563317840464441
567,22,13,0.5552221156117255
610,30,14,0.5520474674725575
177,37,3,0.5515860654782607
1026,41,29,0.5515139253177881
375,20,8,0.5514468859141076
378,23,8,0.5512668913172108
850,26,22,0.5495781706133737
436,41,9,0.5477982422095963
790,21,20,0.5476670866459333
487,15,11,0.5455640973300858
147,7,3,0.5454918904230458
1073,34,32,0.5453889028044815
79,32,1,0.5452703607876925
853,29,22,0.5446063532173605
876,26,23,0.5442172391335074
449,15,10,0.543555525158721
727,48,17,0.5433202694672458
1007,42,28,0.5425275517199036
587,42,13,0.5418795840550156
495,23,11,0.5404449240901742
808,39,20,0.539025321390609
1111,41,34,0.537677146381119
1102,47,33,0.5372302011543074
621,41,14,0.5370676920755121
423,28,9,0.5367875663572256
256,27,5,0.5364592748503847
257,28,5,0.5351107896395182
416,21,9,0.5343437202172893
252,23,5,0.5343038618138148
167,27,3,0.5333384723509178
4,5,0,0.5333074028815976
253,24,5,0.5329256133094331
2,3,0,0.5318363492358044
711,32,17,0.5311122812001557
633,19,15,0.5308116519281542
1118,48,34,0.5307728627121634
1068,46,31,0.530659831803896
838,41,21,0.5304464189259551
997,32,28,0.5298908900416373
1163,43,38,0.5297555464291462
523,14,12,0.5293543649702598
21,22,0,0.5291281385997318
417,22,9,0.5286551830684623
612,32,14,0.5284922373752066
19,20,0,0.5282080411327493
728,49,17,0.5276953005625534
945,46,25,0.5273915685072286
476,42,10,0.527099275495054
1051,47,30,0.5266014949121377
248,19,5,0.5262651573875164
262,33,5,0.5259050732114041
829,32,21,0.525551971728888
14,15,0,0.5250452071132519
663,49,15,0.5245600527901952
852,28,22,0.5242670294569306
1098,43,33,0.5222313017869912
552,43,12,0.5219817383825796
181,41,3,0.5217541442444354
1138,41,36,0.5200567498587699
172,32,3,0.519697369874092
628,48,14,0.5196182995927416
159,19,3,0.5190663081580718
1119,49,34,0.5184404300367559
236,7,5,0.5183920171973893
1081,42,32,0.5178711603955155
760,20,19,0.5173440833846189
762,22,19,0.5156763309774831
493,21,11,0.5153791456440721
237,8,5,0.5149147171382812
292,20,6,0.5144694636017155
293,21,6,0.5131378358108803
864,40,22,0.5130833468463344
1208,48,43,0.5130146563746947
285,13,6,0.5118407801033973
637,23,15,0.511827097977986
662,48,15,0.5114844823295989
255,26,5,0.5102046484531078
799,30,20,0.5099404750905402
200,15,4,0.5082691576152261
479,45,10,0.5073704865947789
584,39,13,0.505297565278392
836,39,21,0.504534157123042
629,49,14,0.5039106855621451
1107,37,34,0.5035386439479185
1006,41,28,0.5030311235537369
583,38,13,0.5030154262724417
660,46,15,0.5028924558370667
869,45,22,0.5011269613440597
1082,43,32,0.5003955735344513
720,41,17,0.5000769744296333
622,42,14,0.5000052542684287
575,30,13,0.49984033253646243
987,43,27,0.4998014263066585
1027,42,29,0.4996970073755481
859,35,22,0.49969561565488396
815,46,20,0.49934361402457295
716,37,17,0.49896964047669135
555,46,12,0.49880875505903083
405,10,9,0.4985903569282765
1209,49,43,0.49822749348808293
607,27,14,0.49810923724397727
1190,43,41,0.4980846221818948
176,36,3,0.4972264404698964
885,35,23,0.4961793823456806
1211,46,44,0.4960247152306347
647,33,15,0.4959795281375211
890,40,23,0.49503757123952186
1036,32,30,0.4945677735240738
1003,38,28,0.4907753001328692
721,42,17,0.48845629401807106
1075,36,32,0.48701482226944204
1166,46,38,0.48697864930000606
1156,47,37,0.4860434859759813
1030,45,29,0.48529675063263533
1047,43,30,0.4844835687018399
655,41,15,0.4832474281033672
973,29,27,0.48085609723380673
320,48,6,0.4790731914936104
878,28,23,0.4784947955669434
492,20,11,0.47823782389552616
654,40,15,0.47769519213596023
231,46,4,0.47689353657854044
269,40,5,0.476206744361477
1011,46,28,0.4745798928635676
1029,44,29,0.47418066939359466
1015,30,29,0.47353603661880794
1045,41,30,0.47282728809917784
538,29,12,0.4712495790197599
834,37,21,0.47089877260770974
613,33,14,0.4707181086835214
188,48,3,0.47038950217933073
638,24,15,0.46987085699284253
1189,42,41,0.46846993588794594
1112,42,34,0.46626907521132716
888,38,23,0.4652518966586242
183,43,3,0.46519839298657467
69,22,1,0.46511825614952973
424,29,9,0.46492914757701115
1108,38,34,0.46486977393527573
302,30,6,0.4648118309858914
1197,43,42,0.4639363800599321
717,38,17,0.4636846275777159
264,35,5,0.4627041717497948
1034,49,29,0.4608141298962062
496,24,11,0.4607188970361433
464,30,10,0.4605350305618102
265,36,5,0.4593167312619716
650,36,15,0.45928093539607
1033,48,29,0.45855266404120515
651,37,15,0.45785392975204525
645,31,15,0.45764010115736237
169,29,3,0.4571343823900962
508,36,11,0.456958199892857
254,25,5,0.4562468723682563
314,42,6,0.4553102665854452
712,33,17,0.45528388451528823
486,14,11,0.4551752556421404
529,20,12,0.45453447686155596
308,36,6,0.4521184031060915
556,47,12,0.45198322585076917
189,49,3,0.4517289195398785
116,22,2,0.4514812832587498
53,6,1,0.4512522791691215
321,49,6,0.450728299164683
805,36,20,0.4500838619067329
516,44,11,0.4499336618496521
370,15,8,0.44948350897427075
260,31,5,0.44889227952148936
568,23,13,0.4485326773109809
1172,42,39,0.4485222710205347
649,35,15,0.44684639517695807
1178,48,39,0.44526617085159315
410,15,9,0.44487996936152613
813,44,20,0.4447488801113527
845,48,21,0.4440805200884624
641,27,15,0.44386394656163664
897,47,23,0.44362239091077516
846,49,21,0.44247907930236674
44,45,0,0.4421415600223253
484,12,11,0.441969731024254
208,23,4,0.44178093054719303
560,15,13,0.44155450659106593
472,38,10,0.4409090205047262
155,15,3,0.44036850188918814
92,45,1,0.4394579722227321
150,10,3,0.4387702971921255
634,20,15,0.4387545107278397
515,43,11,0.4385924742494393
86,39,1,0.4382349572302214
445,11,10,0.4370905596238347
1193,46,41,0.43703896973381395
659,45,15,0.4347909908226337
545,36,12,0.43330488527748806
117,23,2,0.43274049531973147
230,45,4,0.43202943472113176
916,41,24,0.4318443134510869
242,13,5,0.43081170956769643
144,4,3,0.4303531429550214
1043,39,30,0.43031662083319855
643,29,15,0.4302609581105553
1212,47,44,0.43013931215628487
679,32,16,0.4299319269540036
995,30,28,0.429617449719234
207,22,4,0.429554368163326
1217,48,45,0.42895187629505843
232,47,4,0.42837413892928583
1089,34,33,0.42806825176271246
443,48,9,0.4277939499262045
56,9,1,0.4276853737290032
195,10,4,0.426199666225459
865,41,22,0.4261460560945604
785,45,19,0.42540471490538084
1141,44,36,0.4249964915971986
315,43,6,0.42476356011265476
640,26,15,0.4246141596304016
241,12,5,0.4242452678608253
1085,46,32,0.42306684983920123
1018,33,29,0.4228925549012221
126,32,2,0.4224463404049406
1179,49,39,0.4220262000675888
414,19,9,0.4219191687151774
491,19,11,0.4215471828882141
8,9,0,0.42140892518790635
80,33,1,0.4204291250058979
639,25,15,0.4200035306893503
194,9,4,0.4196707872812467
329,15,7,0.4186303992169081
41,42,0,0.4175801564946216
1155,46,37,0.41637802016208547
619,39,14,0.4150503406147834
190,5,4,0.41483904107553615
273,44,5,0.4127296201097846
96,49,1,0.4125424789124684
990,46,27,0.4124366609829505
267,38,5,0.41217764143706853
299,27,6,0.41179936899779757
1206,46,43,0.40872073220514477
309,37,6,0.40868688192276403
270,41,5,0.40843322087380834
71,24,1,0.40840951739470277
830,33,21,0.4083254794752453
258,29,5,0.4081498953434986
247,18,5,0.4079648319638851
10,11,0,0.40777195763134416
196,11,4,0.4072266952516576
498,26,11,0.40692324721698575
286,14,6,0.4068321583129734
517,45,11,0.405175024272107
1173,43,39,0.4050593475955879
251,22,5,0.4047014492651121
856,32,22,0.4043999051339889
566,21,13,0.4040049005344084
485,13,11,0.40395057836681764
356,42,7,0.40392598351681624
1022,37,29,0.40209233110328263
631,17,15,0.4006302715975849
847,23,22,0.4004574160920303
227,42,4,0.40018932809654156
1154,45,37,0.4000713297386894
732,22,18,0.3994710767631446
173,33,3,0.3991983644722044
500,28,11,0.3986221720530774
432,37,9,0.39856222745939845
1106,36,34,0.3966722049121788
359,45,7,0.3956012082916051
1001,36,28,0.3953750275432752
964,42,26,0.39491015093214027
235,6,5,0.3945963539976056
109,15,2,0.39420378308085463
782,42,19,0.3935644222761435
400,45,8,0.3930116750895983
646,32,15,0.3929460623315687
632,18,15,0.3925351398955136
74,27,1,0.3917315800081073
581,36,13,0.3911546062716606
855,31,22,0.3911412794589168
688,41,16,0.3910265446261974
636,22,15,0.3902671090354655
226,41,4,0.39015874185237204
648,34,15,0.3894326256616737
524,15,12,0.38848101371491534
296,24,6,0.3877192832326682
1181,42,40,0.38767594072725386
658,44,15,0.38733991515984467
1142,45,36,0.38598063785615644
501,29,11,0.38595683054695235
894,44,23,0.38526603647869434
29,30,0,0.38423109191458604
715,36,17,0.3838616179354179
630,16,15,0.3838101712684043
135,41,2,0.38359915866573246
519,47,11,0.3835899171850915
154,14,3,0.3833031325933219
83,36,1,0.38303626544710573
1218,49,45,0.38264450076713374
444,49,9,0.38254165553026337
709,30,17,0.38175640301735964
656,42,15,0.38140001878554647
817,48,20,0.37853401466892167
967,45,26,0.37841235299401027
274,45,5,0.378306756959595
870,46,22,0.3774718491518279
1184,45,40,0.37741477738581514
95,48,1,0.3774007415647173
435,40,9,0.37722743277729076
68,21,1,0.3772222990098872
151,11,3,0.3770602094978278
406,11,9,0.37493888057299507
84,37,1,0.3747410178257266
238,9,5,0.3724224014155566
824,27,21,0.37186648808888484
849,25,22,0.3715214662585634
907,32,24,0.37147318914262606
942,43,25,0.37121099464546903
1038,34,30,0.37110823577850094
820,23,21,0.3703673743126549
249,20,5,0.37020766541137395
742,32,18,0.3696858846879435
164,24,3,0.3689199052839155
99,5,2,0.36835764737542165
796,27,20,0.36815741438121025
431,36,9,0.3680480022610185
421,26,9,0.367522716529765
724,45,17,0.36642333508346664
532,23,12,0.36611882050197825
812,43,20,0.36608578743812303
919,44,24,0.365597968026859
1148,39,37,0.36527835063489533
323,9,7,0.36470501867172417
533,24,12,0.36445250852175276
770,30,19,0.3635530673164794
858,34,22,0.3629897867657071
591,46,13,0.362435625590541
868,44,22,0.36206048114437844
941,42,25,0.3613484914090793
1126,42,35,0.36094349530612885
1064,42,31,0.36072166891421886
510,38,11,0.36036114915636536
433,38,9,0.3602508507362605
364,9,8,0.3602059954664503
1210,45,44,0.35948409428004474
1165,45,38,0.3592335281624251
420,25,9,0.3584490407750793
439,44,9,0.3581492194048126
701,22,17,0.3580840368888981
983,39,27,0.35794648213908214
325,11,7,0.3579171400527799
944,45,25,0.3578051145635923
422,27,9,0.35741624869785715
497,25,11,0.3568094168304859
952,30,26,0.35633320744072255
874,24,23,0.35626737517504636
387,32,8,0.35583010329382153
669,22,16,0.35465837278088164
213,28,4,0.3541983255245865
268,39,5,0.35395834384472363
494,22,11,0.35395309439388833
818,49,20,0.3533369294950826
989,45,27,0.35318823677286376
250,21,5,0.35313377502890636
600,20,14,0.35275949684526314
733,23,18,0.3523545038768041
1127,43,35,0.35197621593719286
271,42,5,0.35174845529227033
875,25,23,0.3513083976280062
91,44,1,0.3511060421074002
136,42,2,0.35103271446044715
1196,49,41,0.3507012992354441
430,35,9,0.3502233605025635
683,36,16,0.3502098231062619
344,30,7,0.35002622465446454
316,44,6,0.3495334186962364
85,38,1,0.34953254711409926
1129,45,35,0.3493083714376088
968,46,26,0.3483219362418576
246,17,5,0.34788818870878513
896,46,23,0.3478614493778834
397,42,8,0.34746023073894244
1079,40,32,0.34739440181219666
514,42,11,0.34734553678949875
588,43,13,0.3472045338019465
1115,45,34,0.34707394236733285
1101,46,33,0.3469111595053808
841,44,21,0.34668981116387554
1195,48,41,0.3466776012467019
753,43,18,0.3461949772315315
783,43,19,0.3453602902443552
751,41,18,0.3439593397308955
426,31,9,0.34366462076660603
835,38,21,0.34364350098082397
531,22,12,0.3433551271051765
1139,42,36,0.3432196984101497
881,31,23,0.3428686845156389
689,42,16,0.342682862178365
518,46,11,0.34263021378182634
1067,45,31,0.3425731268364538
284,12,6,0.3424338671957406
412,17,9,0.34216564916641545
503,31,11,0.34200352261981715
1031,46,29,0.3418871815215906
52,5,1,0.34137701952618393
873,49,22,0.3406135823917798
791,22,20,0.33957831674376193
891,41,23,0.33890653328438236
554,45,12,0.33850118819139174
922,47,24,0.3380920707923652
1150,41,37,0.3376616313046099
1220,48,46,0.3374795232969921
872,48,22,0.33684626880299245
300,28,6,0.33649900013147643
1096,41,33,0.3361935464626412
1004,39,28,0.33595084053900764
652,38,15,0.33585547461872894
670,23,16,0.33534110145939694
407,12,9,0.3347992768323669
1191,44,41,0.33406956515131
530,21,12,0.33322508309352433
793,24,20,0.3331837573896685
644,30,15,0.33198337524611354
466,32,10,0.33145893956607747
1180,41,40,0.3311871402854779
1076,37,32,0.3311457947592923
844,47,21,0.3311068227865854
475,41,10,0.3308427051985016
559,14,13,0.3301351882585717
502,30,11,0.3296855872204546
1135,38,36,0.32948553897836536
786,46,19,0.32919024650306894
1202,48,42,0.3288849488149628
205,20,4,0.32866051678868874
59,12,1,0.32829774212088864
61,14,1,0.3282223888314522
913,38,24,0.3280669122989963
1221,49,46,0.3279769266709043
923,48,24,0.32777552651431385
1028,43,29,0.3276296148292422
228,43,4,0.3272230527956404
301,29,6,0.32672889935028093
1044,40,30,0.3264230474327124
259,30,5,0.325985828496365
1182,43,40,0.3244074282204714
396,41,8,0.3242156636747974
700,21,17,0.3236647614986097
1074,35,32,0.3232788872228372
310,38,6,0.32260943255123437
550,41,12,0.322558307047264
1086,47,32,0.3218231394889438
1083,44,32,0.3213720070461762
599,19,14,0.32118644769634014
130,36,2,0.3204743624255677
90,43,1,0.3204507450979898
886,36,23,0.3192648953741262
429,34,9,0.3187957615567699
752,42,18,0.3186663705712639
45,46,0,0.31826509682992465
1174,44,39,0.3181946429538564
1024,39,29,0.31812028418264693
924,49,24,0.31765346335517985
541,32,12,0.3175840316448655
1065,43,31,0.31739935901613975
512,40,11,0.3173234572610487
690,43,16,0.31643122312656324
1087,48,32,0.31590908464911827
42,43,0,0.31584221418238945
1039,35,30,0.3157707122592568
187,47,3,0.31447456372896093
193,8,4,0.3140640930594626
139,45,2,0.3139683181731672
360,46,7,0.3135297665633458
965,43,26,0.3134678686691025
65,18,1,0.3129481854089463
306,34,6,0.31287305171352714
261,32,5,0.3127394929508332
294,22,6,0.31190275770783427
60,13,1,0.3118961504821763
366,11,8,0.3113620650015209
1143,46,36,0.31133844390299087
137,43,2,0.31103425213963004
507,35,11,0.3109996905172269
490,18,11,0.31015530694746557
1136,39,36,0.31012712478756854
305,33,6,0.3094396158281459
217,32,4,0.3092815933571294
263,34,5,0.30902330672891287
204,19,4,0.30881727773183165
792,23,20,0.3087683891793789
826,29,21,0.3082825500620429
903,28,24,0.3071476029897642
822,25,21,0.30675696448757833
1194,47,41,0.30628637105014067
831,34,21,0.3052491195976291
243,14,5,0.30518670974389117
413,18,9,0.3042196008686558
912,37,24,0.3041046673238514
598,18,14,0.30384787562868554
1125,41,35,0.30296666699771624
1023,38,29,0.3024874631932559
272,43,5,0.30242497667416035
755,45,18,0.3020129118904803
1052,48,30,0.3016686637340415
1088,49,32,0.3012480583291274
1203,49,42,0.3010907016938951
548,39,12,0.30100173107385886
854,30,22,0.30064994178449833
87,40,1,0.3004332441833484
77,30,1,0.3004028581693246
1054,32,31,0.29996191557226665
199,14,4,0.29948948719780766
103,9,2,0.29906985021558585
806,37,20,0.29761608580149884
245,16,5,0.29704021234516587
908,33,24,0.2965871713694483
82,35,1,0.29654543347121554
13,14,0,0.2964741562531758
825,28,21,0.29636451252548923
1167,47,38,0.2961934499535437
1072,33,32,0.29580572800502664
609,29,14,0.29458784352149076
385,30,8,0.29438444695267807
209,24,4,0.29364212097431774
1144,47,36,0.29358082788611095
346,32,7,0.2933935524348591
70,23,1,0.29338857558304887
275,46,5,0.2932671472690559
1109,39,34,0.29317654293480466
606,26,14,0.2928379382319572
702,23,17,0.29274180725922455
931,32,25,0.29256450745081525
67,20,1,0.2924759609803045
851,27,22,0.2924232444784129
954,32,26,0.2922461052971757
288,16,6,0.29224108350140593
50,3,1,0.29168770047440057
882,32,23,0.2916263492162017
295,23,6,0.2912075319702723
879,29,23,0.2910308418201709
401,46,8,0.2908962920598501
89,42,1,0.2889998814732872
1215,46,45,0.2877927690787668
5,6,0,0.2875879736461594
920,45,24,0.2875050112631055
394,39,8,0.2874862328936884
221,36,4,0.2873637964696269
225,40,4,0.28724109013488663
398,43,8,0.2869631191774176
3,4,0,0.2865924474679874
627,47,14,0.28626842477603076
441,46,9,0.28590685775728253
215,30,4,0.2856320134784669
100,6,2,0.28530938379143883
615,35,14,0.28505931168206877
1035,31,30,0.2843856283984446
233,48,4,0.28383955170985503
746,36,18,0.2837438103728192
38,39,0,0.2832330607211531
861,37,22,0.28312451697240854
807,38,20,0.2831176427595707
161,21,3,0.282015962569932
929,30,25,0.28187207492120786
823,26,21,0.28140823842307583
772,32,19,0.27994022367165333
1058,36,31,0.2798988971157598
605,25,14,0.27979593402978814
289,17,6,0.27947820143684865
1063,41,31,0.27936986867382313
779,39,19,0.27881874947714347
1219,47,46,0.27860211586928374
961,39,26,0.2785005835070579
1159,39,38,0.27844072786245777
146,6,3,0.2781965601724662
72,25,1,0.2779886296516543
480,46,10,0.2767581310534735
280,8,6,0.276531297267354
603,23,14,0.27565462055659384
63,16,1,0.27486532146863885
935,36,25,0.27473484594854025
419,24,9,0.2742036935190839
940,41,25,0.2740266279278328
298,26,6,0.27354582279356765
866,42,22,0.2731671498918361
677,30,16,0.27284770829468924
31,32,0,0.2712429787002317
162,22,3,0.27114576889413344
290,18,6,0.2710220845137106
985,41,27,0.27074481751870505
489,17,11,0.27054171977884567
108,14,2,0.2703972022358001
357,43,7,0.2702801710415236
892,42,23,0.27011526787849693
884,34,23,0.2699103537946408
291,19,6,0.2692048652126545
626,46,14,0.26896736680793604
692,45,16,0.26872552687314466
355,41,7,0.26865624059994647
124,30,2,0.26693762820254696
1177,47,39,0.26668935877871336
455,21,10,0.2666567472672443
1053,49,30,0.2663043684151009
93,46,1,0.2659801642611202
353,39,7,0.2656814399292835
802,33,20,0.2643750125431243
620,40,14,0.2638702663089501
895,45,23,0.2635506567280307
506,34,11,0.2634931837049399
220,35,4,0.2628883442931763
287,15,6,0.26227583681472144
78,31,1,0.2622222580824786
596,16,14,0.26206816142890227
191,6,4,0.2619575655889835
686,39,16,0.26127317718653953
1094,39,33,0.2610971339668302
234,49,4,0.2605369882778096
229,44,4,0.26049293017552394
963,41,26,0.2599231332578124
740,30,18,0.2597408925354205
857,33,22,0.2597398222628241
76,29,1,0.259551964027486
1042,38,30,0.25916535913363165
611,31,14,0.2585707717778715
411,16,9,0.2577387951152199
279,7,6,0.25772012653546933
1008,43,28,0.257647165631074
761,21,19,0.257111603697991
863,39,22,0.25710763470716363
20,21,0,0.2569937038360322
428,33,9,0.25631246388270157
921,46,24,0.2559815342304249
210,25,4,0.2555813901427944
781,41,19,0.2554546848823927
616,36,14,0.25508585366622505
718,39,17,0.25506201545618606
319,47,6,0.2549161783290015
1120,36,35,0.25452592059567697
1137,40,36,0.2543337671132194
149,9,3,0.25417738342090435
133,39,2,0.2537609300630602
1145,48,36,0.25346265972364757
974,30,27,0.25300404428111045
303,31,6,0.251275954739706
192,7,4,0.25110819525780187
198,13,4,0.2510956481489894
1041,37,30,0.2503732570573696
185,45,3,0.2501193764035925
828,31,21,0.24836735795987927
1100,45,33,0.24817989992603992
1134,37,36,0.24763622169281618
197,12,4,0.2471688113494497
40,41,0,0.24708892317206124
418,23,9,0.24675968835430626
986,42,27,0.2466698660549988
57,10,1,0.2460479858289368
1061,39,31,0.2456038538562616
458,24,10,0.24534355111951606
819,22,21,0.24466342572077954
297,25,6,0.24455444745630547
376,21,8,0.24407925964207333
608,28,14,0.24406204680915922
94,47,1,0.24395223919573866
749,39,18,0.24392767325868822
1040,36,30,0.24372695865242844
635,21,15,0.24312532453588445
1021,36,29,0.24157637590229697
569,24,13,0.24114308113944297
976,32,27,0.24098106481812556
1113,43,34,0.24095475530871016
470,36,10,0.24000358816892695
958,36,26,0.239369059487173
473,39,10,0.23852061212350933
1146,49,36,0.23653412267929858
862,38,22,0.2362079811874906
105,11,2,0.2356231155997007
914,39,24,0.23519273702472548
328,14,7,0.23423405833904387
214,29,4,0.23386049952944785
917,42,24,0.233361836667067
282,10,6,0.2321776940223109
182,42,3,0.23178473977774466
938,39,25,0.23172377898719612
653,39,15,0.23103206557569148
889,39,23,0.2301194925937934
477,43,10,0.2299323359259228
179,39,3,0.22988300910115828
312,40,6,0.2296251893511322
1170,40,39,0.22862188710333003
211,26,4,0.22855186459121904
64,17,1,0.22830896910022913
722,43,17,0.2282649025500818
350,36,7,0.22792708734737982
335,21,7,0.22685824849173278
833,36,21,0.22542293187384407
602,22,14,0.2251511302925748
867,43,22,0.22461878550294803
1151,42,37,0.2241996304873214
307,35,6,0.22342060302600536
115,21,2,0.22156970286487207
201,16,4,0.22068519006038229
55,8,1,0.22026470383216223
1161,41,38,0.21989159413199746
1097,42,33,0.2197808424057231
671,24,16,0.21946163673373487
212,27,4,0.21748763556833156
62,15,1,0.21716374853228107
909,34,24,0.21656857327408655
1162,42,38,0.2162739578614805
918,43,24,0.21520579161348397
488,16,11,0.21496554465419002
1207,47,43,0.2146295187614089
391,36,8,0.21391003351197294
915,40,24,0.2136832990964512
216,31,4,0.21366966326723097
703,24,17,0.21283341524681518
893,43,23,0.21161344356389936
731,21,18,0.21148849039095036
848,24,22,0.21117943290000335
1123,39,35,0.21072736081716506
66,19,1,0.2106247147937599
902,27,24,0.20954714727471324
0,1,0,0.20927796613690322
369,14,8,0.2091563321578389
145,5,3,0.20824567332113197
1198,44,42,0.20821518788067991
1140,43,36,0.20735275095177264
163,23,3,0.20246191485268766
49,2,1,0.20103591146598906
860,36,22,0.2008097561524924
448,14,10,0.20056328842390128
657,43,15,0.20055797313596058
837,40,21,0.20033166186186674
668,21,16,0.19922017529196384
734,24,18,0.1989266246298105
81,34,1,0.1977734890761361
880,30,23,0.19765711172304076
906,31,24,0.19645779973171273
202,17,4,0.19611753757996872
843,46,21,0.19596548699449243
218,33,4,0.1952473818649474
98,4,2,0.19452446719270347
1048,44,30,0.19429878882562313
551,42,12,0.194272456788631
900,25,24,0.19321082787019717
595,15,14,0.19267746320245605
1091,36,33,0.19244658364330797
219,34,4,0.19203834573930054
73,26,1,0.19091804617381214
910,35,24,0.190343989273412
23,24,0,0.18881370253282398
539,30,12,0.18772225351265165
1077,38,32,0.18748503021463014
118,24,2,0.1868011065926453
223,38,4,0.18593873719994608
224,39,4,0.1858578909711722
203,18,4,0.1854389672265494
318,46,6,0.18480569252063125
35,36,0,0.18399370785854421
54,7,1,0.18239646367688228
1037,33,30,0.18089575877215738
821,24,21,0.17746726238733396
170,30,3,0.17590157579730964
222,37,4,0.1753462412067286
206,21,4,0.17496074876076287
776,36,19,0.1742864409996507
832,35,21,0.17178532475215122
75,28,1,0.17080929066944814
1176,46,39,0.17010171139567865
614,34,14,0.16836618019625565
980,36,27,0.1670315653590751
904,29,24,0.1669514339105137
597,17,14,0.16396825758123212
1200,46,42,0.16380004987343058
764,24,19,0.16371492888982903
604,24,14,0.1522273885701537
1050,46,30,0.14809825999899093
338,24,7,0.14758954942647712
901,26,24,0.1468959638553025
379,24,8,0.13171365840513166
905,30,24,0.12723480396727932
51,4,1,0.12629506279597838
